Logstash,2025-09-16T23:19:21.844228700
trie,2025-09-16T23:19:40.939076500
API gateway,2025-09-16T23:21:34.123305500
DGOM,2025-09-16T23:22:11.891318
traverse,2025-09-16T23:22:24.304555300
vague,2025-09-16T23:22:36.669866100
Rancher platform,2025-09-16T23:23:04.181231300
CDD (compliance),2025-09-16T23:23:25.775759
web portal,2025-09-16T23:24:18.232097
Ivy,2025-09-16T23:25:04.275933800
Spring beans,2025-09-16T23:25:49.227627
OpenShift vs Kubernetes?,2025-09-16T23:26:29.160068200
whitelisting,2025-09-16T23:27:02.685041400
namespace (networking),2025-09-16T23:27:49.026212600
real-time data flow,2025-09-16T23:28:49.783999100
Java EE,2025-09-16T23:29:21.083017800
enterprise-level,2025-09-16T23:30:04.606299300
product backlog (agile),2025-09-16T23:30:15.376089900
