CFT (company structure),2025-12-25T21:03:40.610652900
heap (data structure),2025-12-25T21:04:05.632037600
e.g,2025-12-25T21:04:55.084270800
SLA (commitment),2025-12-25T21:05:27.720799400
RPO (requirement),2025-12-25T21:06:04.053556800
QES (Smart-ID),2025-12-25T21:11:42.336110100
en dash (â€“) function,2025-12-25T21:14:45.198621500
servlet - controller - MVC,2025-12-25T21:18:05.400360
AES (Smart-ID),2025-12-25T21:25:42.465016800
connection pool (database),2025-12-25T21:43:13.588549500
OpenShift vs Kubernetes,2025-12-25T22:06:46.410004800
CIF (regulation),2025-12-25T22:08:07.174471100
AML (compliance),2025-12-25T22:15:25.692234800
SES (Smart-ID),2025-12-25T22:15:56.053281400
