JWT,2025-08-08T23:41:49.064944
Helm chart,2025-08-08T23:42:25.216857600
SSH,2025-08-08T23:44:28.443039700
em dash ("—") function,2025-08-08T23:45:55.889839900
en dash ("–") function,2025-08-08T23:46:47.290702300
Helm,2025-08-08T23:46:54.472344700
chaos engineering,2025-08-08T23:48:30.627051600
PR,2025-08-08T23:55:17.835071500
GDPR,2025-08-08T23:56:11.132354900
error budget,2025-08-09T15:08:59.073630
servlet/controller/MVC,2025-08-09T15:10:07.623890600
stub,2025-08-09T15:11:07.650765700
CTE (SQL),2025-08-09T15:11:37.597373
token,2025-08-09T15:12:07.376084800
garbage collection,2025-08-09T15:13:15.898413400
retrieve,2025-08-09T15:13:38.697282100
DRT,2025-08-09T15:15:07.763282200
aspect,2025-08-09T15:17:37.870755100
base Java Docker image,2025-08-09T15:18:39.916724500
SwiftUI,2025-08-09T15:18:47.618357200
etcd,2025-08-09T15:19:32.223472700
heap,2025-08-09T15:21:16.587464
Google Cloud,2025-08-09T15:22:20.414275700
ECB,2025-08-09T15:22:32.564289500
tamper,2025-08-09T15:22:47.865876
SSO,2025-08-09T15:25:13.977662100
Java bean,2025-08-09T15:25:52.847444500
PVC (containerisation),2025-08-09T15:26:48.443032100
CTO,2025-08-09T15:27:18.357294100
.war file,2025-08-09T15:27:44.099739600
