DGOM;2025-07-03T16:29:18.886345600
proprietary;2025-07-03T16:30:06.383569700
undirected graph;2025-07-03T16:31:11.933368600
custody;2025-07-03T16:31:39.172146600
ORM;2025-07-03T16:32:36.274483700
managed services;2025-07-03T16:32:42.036222400
em dash ("—") function;2025-07-03T16:33:28.610060800
en dash ("–") function;2025-07-03T16:34:37.253549400
allocate;2025-07-03T16:35:31.168153700
web;2025-07-03T16:35:55.809646200
pipeline;2025-07-03T16:37:07.595785100
artifactory;2025-07-03T16:38:01.245623
Data governance;2025-07-03T16:38:42.929597200
IMDG;2025-07-03T16:38:48.850860400
POJO;2025-07-03T16:39:00.479815700
good separation of concerns for DocManager;2025-07-03T16:39:29.400923900
personal data retention;2025-07-03T16:39:33.890633600
commissioning;2025-07-03T16:39:58.907459400
PVC (containerisation);2025-07-03T16:40:13.160415100
